sample_id,primary_category,secondary_category,good_quote,notes
1,Incomplete order,,,
2,Incomplete order,,,
3,Incomplete order,,x,tag: marked as delivered
4,Other or unclear,,,
5,Wrong item,,,wrong voltage variant
6,Incomplete order,,,
7,Damaged or defective,,,
8,Not received,,,tag: out of stock
9,Poor quality or not as described,,,tag: not original
10,Damaged or defective,,x,
11,Not received,,,
12,Not received,,,
13,Not received,Seller service and refunds,,
14,Not received,,,
15,Not received,,,
16,Wrong item,Seller service and refunds,,"wrong measure, read as wrong size variant"
17,Late delivery,Seller service and refunds,,
18,Damaged or defective,,,
19,Incomplete order,,x,
20,Not received,,,
21,Not received,,,
22,Incomplete order,,x,
23,Poor quality or not as described,,,tag: not original
24,Wrong item,,,
25,Seller service and refunds,,,no product or delivery problem stated explicitly
26,Not received,,,
27,Wrong item,,,
28,Poor quality or not as described,,,
29,Seller service and refunds,,,
30,Incomplete order,,,
31,Incomplete order,,x,
32,Seller service and refunds,,,
33,Incomplete order,,,
34,Not received,,,
35,Wrong item,Damaged or defective,,
36,Poor quality or not as described,,,
37,Not received,,,
38,Other or unclear,,,
39,Not received,,,
40,Not received,Seller service and refunds,,
41,Not received,,,
42,Incomplete order,Late delivery,,
43,Wrong item,,,
44,Seller service and refunds,,,
45,Not received,,,tag: pickup at post office; parcel returned to sender
46,Other or unclear,,,
47,Wrong item,,,
48,Not received,Seller service and refunds,,
49,Incomplete order,,,one of two parcels returned; also complains about paying freight twice
50,Damaged or defective,,,
51,Damaged or defective,Seller service and refunds,,
52,Incomplete order,Seller service and refunds,,
53,Poor quality or not as described,Seller service and refunds,,tag: not original
54,Not received,,,
55,Late delivery,,,
56,Incomplete order,Seller service and refunds,,
57,Not received,,,"present tense (still late), read as not yet arrived"
58,Poor quality or not as described,,,tag: not original
59,Wrong item,,,own parcel delivered to another person
60,Wrong item,,x,
61,Incomplete order,,,
62,Not received,,,
63,Wrong item,,,
64,Wrong item,,,
65,Wrong item,,,
66,Late delivery,,,
67,Damaged or defective,Seller service and refunds,,
68,Wrong item,,,"wants an exchange, read as wrong product received"
69,Other or unclear,,,tag: pickup at post office
70,Incomplete order,Wrong item,,
71,Damaged or defective,,,
72,Not received,Seller service and refunds,,
73,Poor quality or not as described,Seller service and refunds,,
74,Not received,,,
75,Late delivery,,,
76,Not received,,,
77,Not received,,,
78,Incomplete order,Seller service and refunds,,
79,Damaged or defective,Late delivery,,also an unanswered return request
80,Poor quality or not as described,,,
81,Other or unclear,,,positive text with a low score
82,Not received,,,
83,Poor quality or not as described,,x,
84,Incomplete order,Seller service and refunds,x,
85,Poor quality or not as described,,,
86,Wrong item,Late delivery,,
87,Wrong item,,,
88,Late delivery,,,
89,Seller service and refunds,,,
90,Poor quality or not as described,,,
91,Seller service and refunds,,,underlying problem not stated
92,Incomplete order,,,
93,Damaged or defective,,,
94,Not received,,,
95,Incomplete order,,,
96,Wrong item,,,
97,Damaged or defective,Seller service and refunds,,
98,Not received,Seller service and refunds,,
99,Incomplete order,,,
100,Not received,Seller service and refunds,,
101,Not received,,x,
102,Incomplete order,,x,
103,Poor quality or not as described,,,vague
104,Not received,,,
105,Poor quality or not as described,,,
106,Other or unclear,,,unspecified problem with the carrier
107,Poor quality or not as described,,,
108,Seller service and refunds,,,
109,Wrong item,,,
110,Not received,,,
111,Not received,Seller service and refunds,,
112,Not received,,,
113,Wrong item,Poor quality or not as described,,
114,Incomplete order,,,
115,Not received,,,
116,Poor quality or not as described,,,specification differs from the listing; tag: pickup at post office
117,Damaged or defective,,,
118,Late delivery,,,tag: out of stock
119,Other or unclear,,,no message text
120,Not received,,,
121,Not received,,,
122,Other or unclear,,,tag: pickup at post office
123,Other or unclear,,,
124,Incomplete order,,,
125,Not received,,,
126,Not received,,,
127,Incomplete order,,,
128,Not received,,,
129,Not received,Seller service and refunds,,parcel returned to sender
130,Not received,,,
131,Poor quality or not as described,,,tag: not original
132,Other or unclear,,,
133,Poor quality or not as described,,x,
134,Not received,,,
135,Not received,,,
136,Other or unclear,,,
137,Incomplete order,,,
138,Seller service and refunds,Not received,,tag: marked as delivered
139,Wrong item,,,
140,Wrong item,,,
141,Not received,,,
142,Seller service and refunds,,,
143,Damaged or defective,,,
144,Not received,,,
145,Incomplete order,,x,
146,Incomplete order,,x,tag: marked as delivered
147,Not received,,,
148,Not received,,,
149,Wrong item,,,
150,Poor quality or not as described,,,
151,Not received,,,
152,Incomplete order,Seller service and refunds,,
153,Other or unclear,,,
154,Other or unclear,,,about the app
155,Late delivery,,,
156,Incomplete order,,,
157,Poor quality or not as described,,,
158,Incomplete order,Seller service and refunds,,
159,Incomplete order,Seller service and refunds,,
160,Damaged or defective,,x,
161,Poor quality or not as described,,,
162,Not received,,,
163,Incomplete order,Seller service and refunds,,
164,Incomplete order,,,
165,Wrong item,Poor quality or not as described,,
166,Not received,Seller service and refunds,,
167,Poor quality or not as described,,,tag: not original
168,Other or unclear,,,
169,Incomplete order,,,
170,Damaged or defective,,,
171,Damaged or defective,Late delivery,,
172,Not received,,,
173,Incomplete order,Seller service and refunds,,
174,Poor quality or not as described,,,
175,Incomplete order,Poor quality or not as described,,
176,Not received,Seller service and refunds,,
177,Incomplete order,Poor quality or not as described,,
178,Poor quality or not as described,Seller service and refunds,,tag: not original
179,Not received,,,
180,Not received,,,
181,Other or unclear,,,problem not stated
182,Incomplete order,,,
183,Late delivery,,,
184,Not received,,,
185,Incomplete order,Seller service and refunds,,
186,Poor quality or not as described,Seller service and refunds,,
187,Poor quality or not as described,,,
188,Wrong item,,,
189,Wrong item,,,
190,Poor quality or not as described,,,
191,Other or unclear,,,return intention without a reason
192,Poor quality or not as described,,x,
193,Poor quality or not as described,,,unclear product information
194,Incomplete order,Damaged or defective,,
195,Not received,,,
196,Incomplete order,,,
197,Late delivery,,,
198,Other or unclear,,,
199,Incomplete order,,,
200,Damaged or defective,Seller service and refunds,,"opened packaging, used product"
201,Other or unclear,,,not a complaint
202,Wrong item,,,
203,Wrong item,Seller service and refunds,,
204,Not received,Seller service and refunds,,stolen during delivery
205,Poor quality or not as described,,,
206,Not received,,,
207,Not received,Seller service and refunds,,
208,Not received,,,
209,Not received,,,
210,Not received,Seller service and refunds,,
211,Wrong item,,,
212,Incomplete order,,,also says it was not what the customer wanted
213,Wrong item,,,
214,Damaged or defective,,,
215,Wrong item,Damaged or defective,x,
216,Not received,,,"present tense (still late), read as not yet arrived"
217,Damaged or defective,Seller service and refunds,x,
218,Poor quality or not as described,,,
219,Not received,,,
220,Not received,,,
221,Late delivery,Seller service and refunds,,
222,Poor quality or not as described,,,
223,Damaged or defective,,,
224,Not received,,,
225,Not received,,,
226,Not received,Seller service and refunds,,
227,Damaged or defective,,,
228,Late delivery,,x,
229,Wrong item,,x,
230,Incomplete order,,,contained a phone number (masked)
231,Other or unclear,,,
232,Not received,,,
233,Not received,,,
234,Not received,,,
235,Wrong item,,,
236,Late delivery,,,
237,Incomplete order,Seller service and refunds,,
238,Incomplete order,,,
239,Incomplete order,,,
240,Poor quality or not as described,,,tag: not original
241,Not received,,,
242,Not received,,,
243,Damaged or defective,,,
244,Other or unclear,,,
245,Seller service and refunds,,,
246,Not received,,,
247,Damaged or defective,Seller service and refunds,,
248,Not received,,,
249,Incomplete order,Seller service and refunds,x,
250,Incomplete order,,,may refer to two separate orders
251,Not received,,,
252,Not received,Seller service and refunds,,
253,Wrong item,,,
254,Not received,,,
255,Incomplete order,,,
256,Not received,,,
257,Damaged or defective,,,
258,Poor quality or not as described,,,
259,Late delivery,,,
260,Other or unclear,,,tag: pickup at post office
261,Damaged or defective,,,
262,Damaged or defective,Seller service and refunds,,
263,Incomplete order,,,
264,Other or unclear,,,
265,Incomplete order,Seller service and refunds,,
266,Incomplete order,,,
267,Not received,Seller service and refunds,,
268,Not received,,x,
269,Damaged or defective,Late delivery,,
270,Incomplete order,Late delivery,,
271,Poor quality or not as described,Seller service and refunds,,tag: not original
272,Not received,,,
273,Incomplete order,Wrong item,,
274,Not received,Seller service and refunds,,tag: out of stock
275,Not received,Seller service and refunds,x,tag: marked as delivered
276,Not received,,,
277,Not received,,,
278,Late delivery,,,also complains about the freight cost
279,Damaged or defective,,x,
280,Not received,,,
281,Wrong item,,,wrong size variant
282,Not received,Seller service and refunds,,
283,Not received,,,
284,Incomplete order,,,
285,Not received,Seller service and refunds,,
286,Not received,Seller service and refunds,,tag: out of stock
287,Poor quality or not as described,,,
288,Other or unclear,,,
289,Incomplete order,Seller service and refunds,x,tag: marked as delivered
290,Other or unclear,,,
291,Not received,,,
292,Not received,Seller service and refunds,,
293,Not received,,,
294,Wrong item,,,
295,Other or unclear,,,
296,Other or unclear,,,
297,Other or unclear,,,tag: pickup at post office
298,Wrong item,,,
299,Seller service and refunds,,,
300,Other or unclear,,,
