delivery_group,review_id,review_score,review_comment_title,review_comment_message
Late,56dee63e139bf591811ef761b9c539ff,1,,"Tudo certo com a loja, mas 1 mês esperando os COrreios entregarem."
Late,b5a3419cc784fa4fcfa65d7cc44145ac,2,,"O produto tinha previsão de entrega para o dia 27/12/2016 e até a presente data não recebi.
"
Late,5d9909ea17576b8c3c6b0b42261474be,1,,"Fiz a compra de 2 cartuchos de impressora, que estou precisando muito, e até agora não recebi."
Late,a896f40474c99895c9815538f53d8d9d,1,,Não recebi o produto
Late,d5c5e1e70f31a5a321ab3acc92306f80,1,NÃO RECOMENDADO,DESCUMPRIMENTO DE PRAZO PROMETIDO QUE VENCEU HÁ UMA SEMANA. PRODUTO NÃO ENTREGUE.
Late,6943613b8cc1391b842df0b08549ac08,1,,Até agora não recebi o produto
Late,560effdc2aaba0ed5d37ed8a98cc6af2,1,,"Recebi outra boneca, quero devolver e não consigo contato! Jamais compraria novamente dessa loja!"
Late,8dae82a53c3c615263a881b747d45b3a,1,,"Não recomendo, até o momento não recebi o produto."
Late,29ea9cbe4c0b9d058868f9da0ba03840,1,,Não recebi o produto até hoje !!!
Late,44c81c833c13999794e8a8b425f348ba,1,,"Não recomendo a compra nesta loja, primeiro falaram 14 dias e já estão chegando a 1 mês e nada!"
Late,7ebe24abed6945bcd01fe9b6c1dd0220,1,Não recebi o produto,"Não recebi o produto e por este motivo não tenho como opinar. Mesmo que tivesse recebido, o prazo de entrega é muito grande."
Late,7c21f127cd7c77ed5dfda012d14fa837,1,,Fiz compra de 3 kit Triskle e só recebi um kit...Falta dois Kits!!!
Late,8b350f59e2c0ab921ad9cd8ec0c5a127,1,,"Sempre comprei no stark e a entrega sempre foi rápida, mas agora este produto não foi entregue."
Late,fea381af131fa1f23c6acc361ac863a1,1,,Aguardo recebimento
Late,3b03d9a1be5e8e59f879847d6e06fa5b,1,,Os Correios entregam quando entendem. Só sabem fazer greve.
Not delivered,c8c63896e74329f37ce55e085876fb1b,1,,Continuo no aguardo da encomenda
Not delivered,386b6be6b7eeefb58f23bdb731e27a16,1,,nao sei como posso avaliar se nao recebi a mercadoria
Not delivered,332a02202c7823f1c1b06baa84c26c08,1,,"Ainda não recebi o produto, o que é um transtorno, já que preciso do mesmo para trabalhar."
Not delivered,28103a5957ac97b463d956ae0c4e25aa,1,,"Só faltou o home-theater.
 Prazo vencido.
É para uma escola, tinha urgência."
Not delivered,96ac18126195e07023a260323fba3b9b,1,,"Não recebo as mercadorias, não recebo informação sobre o rastreamento do produto e não é a primeira vez que tem atraso."
Not delivered,3d1c401252d929018b57bfdc9f59a463,1,,Serviço péssimo.
Not delivered,892178fd4fe12fa030f5150314687eef,1,,a compra foi cancelada
Not delivered,60a43f2ae6645ae3c49a96bac275680b,1,,"Meu produto não foi entregue, estava previsto para 19/04 e até agora nada. Já passou do prazo de entrega.Pois já veio até cobrando a primeira parcela no meu cartão.
Já mandei email e o site não respo"
Not delivered,c8d692d13e49a5ee984aa84d8768221d,2,,"O produto não foi entregue e ate o momento não foi resolvido, enviaram somente um e-mail solicitando se tenho interesse em cancelar a compra ou receber um produto similar não sei qual é."
Not delivered,ba713bbe88a797ad0df56cae1ef9087e,1,,Não cumpriu o prazo de entrega!
Not delivered,d7aab6a7134b55c71503d87cb1bf2206,1,Cade meu PEDIDO ???,"No pedido esta como cancelado confome pedido, mas eu nao pedi. Desejo meu PRODUTO.. segunda entrarei em contato com o PROCON"
Not delivered,c73287a8142291c7cd877c36f1be6c5b,1,,Não gostei pois me deram 20 dias ÚTEIS e depois desses 20 dias meu produto não chegou
Not delivered,c3073d35512dd6cb8cbf25f6f86e3e29,1,,não fui avisado de nada !!
Not delivered,9f17dd2ecd203767ee8396940cbd6ebc,1,,"estou aguardando o estorno desta compra, gostaria de saber porque estar demorando tanto para isso ser feito ."
Not delivered,aaf60a40cb48222c6bfa7f352c4911d5,1,,Conprei para dar de Natal para a minha filha. Espero que chegue a tempo.
"On time, several items",17916be51b600798515db9d132b461de,2,,COMPREI 2 OBJETOS COM O PARCEIRO.PORÉM SÓ RECEBI 1 OBJETO.
"On time, several items",22596996f7a815c6fe656e6dfed65863,1,,recebi apenas uma unidade e compramos duas
"On time, several items",dba5197f90198999eebfa0aef3112681,1,,"meu pedido veio faltando um produto, preciso resolver"
"On time, several items",8e970dc9edca8ae010ee08eed6185831,1,,"Comprei e pageui por duas unidades do kit de fazer pastel, porém so recebi um, enviei reclamação para a loja e não obtive resposta, e agora? Fiquei no prejuizo?
"
"On time, several items",cbdaf2df4312017a074a6da6495f3973,1,Não recomendo,"Eu não recebi o xale do sofá, porém ao ligar, consta que já recebi."
"On time, several items",f26239109975e8edec133d68880776e5,2,,"Eu não recebi o produto ""Adaptador Otg USB Tipo C Type C Moto Z Oneplus 3 Zenfone 3"""
"On time, several items",cd5eb3f8c8faeb7a89b1e8b3120fe206,1,,Faltou um pedido na entrega e quando pede para cancelar um produto não te atendem
"On time, several items",5fd55af753f2607d0a917317612d1004,1,,"Eu recebi as essências, mas está faltando o Kit Colágeno hidrolisado. No site e por e-mail esta dizendo que foi recebido juntos. Só que ainda aguardo os colágenos."
"On time, several items",368207270aac9f3136d08f7f2d76029e,2,,Comprei 2 pneus mas chegou somente 1 até agora o prazo era até dia 20 de fevereiro
"On time, several items",8736a629c7261b541b077fe623ec725e,1,PRODUTO COM DEFEITO,"Preciso alizar a troca do produto que está com defeito e não consigo registrar a solicitação no SITE. No item ""TROCAS E DEVOLUÇÕES"" sempre informa que está com problema de comunicação.
Aguardo retorn"
"On time, several items",42becd578c85bec3378ea35b80ca4b7c,1,,"Comprei 3 câmeras com o vendedor targaryen e chegou apenas uma câmera embora na própria NF entregue constasse 3 câmeras.
Tentei contato 7 vezes com lannister por telefone e é impossível falar com algum"
"On time, several items",b8e7c9c38c0c7e12c667d338ed030647,1,Entrega não realizada,Comprei três unidades do extensor VGA e só me foi entregue uma. Não recebo resposta dos meus questionamentos e não recebi a nota fiscal
"On time, several items",0cfbae37fe8a71519696f3589a4050bb,1,,"Recebi apenas 1 detector de metal e a compra foram de 2 unidades. Como podemos resolver isso?
Aguardo orientações.
"
"On time, several items",1046ca5f5f68c5a3ab1c7291720cfe24,1,,A compra foram dois controles e chegou um. Cadê o outro?
"On time, several items",787eba66ca8c15dcd7706f2e596e9ee4,1,Quantidade e filtro errad,Não recebi o produto correto. Comprei 02 filtros e só recebi apenas 01 filtro que não tem nada a ver com o produto que comprei no site das lannister. Já fiz a reclamação no site porém sem resposta.
"On time, single item",54a5449369849241d21f2c30bfe33fd1,1,,"O produto foi entregue na casa de um vizinho que eu não tenho contato, como entregam um produto para uma pessoa de outra casa?"
"On time, single item",4bab591ef7c7eb3a3a5bc866f214237f,1,,o produto não foi entregue
"On time, single item",1932e1cf263b14e7741fc98c24ee91c6,1,,"Na hora da compra não encontrei especificações do material, e agora que chegou achei muito fraco."
"On time, single item",65082ae4066f3c86efb919b4969c7dad,1,Toalhas de banho,"Nao gostei do produto. As toalhas sao muito finas, nao enxugam!!! Infelizmente vou pensar se vale a pena comprar pela internet sem manusear o produto, principalmente toalhas de banho."
"On time, single item",3ae3033b9e3bc60dbcdd4a06dfe9781d,1,,"Comprei um produto e recebi outro. Já solicitei a devolução e estorno do pagamento, porém ainda não tive resposta. 
"
"On time, single item",574578f8fd0d240b84b8965a5f425edb,1,,"Qualidade do produto deixa muuuuito a desejar. O baratheon foi perfeito, mas o produto é muito ruim, não recomendo sua compra a ninguém."
"On time, single item",30aa72099c89d5e62c3e2fa35d0ab4b0,1,,Encomenda errada
"On time, single item",d76ebc430f1f20e5d6d9860feb105552,2,,"Não funciona a tecla do Netflix, não recomendo"
"On time, single item",0b6c554ef086e07c917c1606955b1e5d,1,Carregador LG com defeito,"Boa noite,
Recebi ontem o produto que, infelizmente, não funciona (não carrega a bateria do meu celular LG).
Tentei acessar o canal de reclamações de lannister.com, mas não consegui. Fiz mau negóci"
"On time, single item",bf240ba5e4891f67010805f0b9ffd9b5,1,produto errado,"venho outro modelo de relógio casio, diferente do relógio que comprei."
"On time, single item",c79a894a56970fc15f614d8ee7c30c33,1,,"Todos os tapetes estavam com as medidas errada.Comprei passadeiras com a medida 2.00 × 0.80,mas veio 1.90 × 0.76. Todos com as medidas erradas. Que lástima."
"On time, single item",b3b5de8de0875c0892dac314f06748de,1,Péssima ,Não comprem desta loja! Tentei fazer o cancelamento da compra por 5 vezes e só fui atende depois de ter recusado a entrega do Correio.
"On time, single item",2c5d7f9d3ebb311f84368aca454e270a,1,,"nao recebi o produto suporte de cone, recebi um totalmente errado todo quebrado . quero a devolucao do meu dinheiro"
"On time, single item",a7b4067ed7462202a0e0d2cc71b6d1ab,1,,Produto de pessima qualidade e ainda por cima a cor da foto nao é exatamente a cor da colcha.
"On time, single item",7d41f8269eb532a7f86290e33669b667,1,,faltando peça!
