sample_id,primary_category
248,Not received
298,Wrong item
294,Wrong item
59,Wrong item
43,Wrong item
241,Not received
109,Wrong item
90,Poor quality or not as described
25,Seller service and refunds
242,Not received
202,Wrong item
221,Late delivery
7,Damaged or defective
5,Wrong item
52,Incomplete order
79,Damaged or defective
134,Not received
101,Not received
150,Poor quality or not as described
128,Not received
65,Wrong item
285,Not received
10,Damaged or defective
124,Incomplete order
154,Other or unclear
237,Incomplete order
117,Damaged or defective
296,Other or unclear
53,Poor quality or not as described
182,Incomplete order
