sample_id,review_score,review_comment_title,review_comment_message
248,2,,Não posso optar pois não recebi o produto.
298,2,Repetindo o erro,"Já enviei o aviso para cancelar o pedido, porque como da vez anterior, entregaram o modelo Carway F30 no lugar de Carvun F30, pois faço questão que tenha teleobjetivo num dos lentes"
294,1,,"Escolhi o controle remoto baseado na figura mostrada. Enviaram-me um outro, com as mesmas funções, é verdade, mas diferente do escolhido.O vendedor também não foi o mencionado na compra."
59,1,,"Minha compra foi entregue para outra pessoa.
Recebi uma peça que não comprei"
43,1,,nao recebi o que eu comprei. recebi uma camera bem baratinha. quero o stand alond. preciso com urgencia. comprei na lannister por confiar na loja e na rapidez de entrega.
241,1,,Nao recebi a encomenda.
109,1,Solicitei a devolução,Recebi um produto diferente do que foi requisitado. A imagem do anúncio não condiz com o produto recebido.
90,1,,"No anuncio diz ser 3 cores, mas veio com varias cores"
25,1,,"Não gostei da falta de comunicação, via email, da lannister, nem das informações nos rastreamento da transportadora, não batem... Já fiz meu pedido de ressarcimento por telefone. Esperando..."
242,1,Não Entrega De Protudo,Meu Produto Ainda Não Foi Entregue.
202,1,,"Comprei 2 itens, um rosa e outro preto mas recebi os 2 pretos."
221,1,,"Bom dia! Quero meu dinheiro de volta. Não vou mais querer o produto. Além de atrasado, já havia pedido o cancelamento do pedido e a americana está ignorando o mesmo. Agradeço providências."
7,1,,"Aguardo a devolução do produto pois o mesmo veio sem caixa,e riscado."
5,1,,"Prezados minha encomenda era do produto waterpik 110 v e foi entregue o produto em 220 v. Como procedo a troca ? 
Atenciosamente
Flavio"
52,2,,Recebi apenas um dos produtos e a empresa não entrou em contato comigo .
79,2,,"O produto foi entregue um dia depois do prazo e chegou com defeito, estou até hoje aguardando email da targaryen para devolver e obter o que realmente comprei. Não indico a ninguém a compra pelo stark"
134,1,sem profissionalismo,eu estou mais de um mes esperando o produto e ate agora nada eu fiz outras compras no mesmo dia e ja chegou menos esse da targaryen
101,1,,"Até o momento não recebi a encomenda, iria dá de presente e o aniversário foi ontem. Muito chateada."
150,1,,Produto péssimo. Vieram 4 suportes plásticos prendendo o brinquedo à embalagem. Não tinha instrução de como retirar os suportes. Por pura sorte consegui descobrir um parafuso embutido no centro de cad
128,1,Demora,"Já faz algum tempo que a compra ocorreu e ainda não recebi a mercadoria, trata-se de um descaso com o cliente, já havia realizado outras compras pela stark, mas essa atitude inviabiliza novas aqui"
65,1,,paguei mais caro para receber o produto na cor do anuncio que é vermelho e recebi roxo
285,1,,ja reclamei varias vezes e ate hoje não sei onde foi parar o produto que comprei. quero cancelar esta compra e quero meu dinheiro de volta.
10,1,,"recebi o produto antes mesmo do prazo, porem o mesmo não funciona."
124,1,,"Recebi só o carrinho e o bebê conforto não veio.

Quero meu produto completo!!!!!"
154,1,,Depois q o app foi atualizado fikou 1 porcaria!!!!!!!!!!!!!!
237,1,,Comprei 03 unidades de cortina rolo e foi entregue apena 02 unidades. Já entrei em contato com a loja e ainda não obtive resposta
117,1,com resalva,"as duas embalagens vieram muito amassadas, quase devolvi o pedido. Não compro mais desta loja."
296,1,,Loja sem credibilidade.
53,1,,"A propaganda desse produto é falsa! A chapinha não é a original, é uma réplica. Estou aguardando a resposta para obter meu dinheiro de volta."
182,1,,"Adquiri 2 Suportes e apenas recebi 1 e foi faturado os dois, porem chegou apenas o Transbike para bicicletas Aro 29. O Suporte De Parede Para Sua Bicicleta Atrio não chegou."
